customer_unique_id,total_spent,month
830d5b7aaa3b6f1e9ad63703bec97d23,134.97,2016-09
257c88e7a3ace7aa1a5eb5677f86b5b0,129.99,2016-10
619b93ec47d01fd1228afef1a980abe3,329.70000000000005,2016-10
d7046ea561b819649385d6d524166f04,69.99,2016-10
644f6a10e96a8d7888d94d2062d485b5,89.9,2016-10
4766fb51c287a3a3a67eae04ed0e75a4,54.99,2016-10
0e1990d494dc3c1a2f5fca4b56c35a4c,30.97,2016-10
acf599349b44e4e51d2beacb549313ad,149.99,2016-10
8130a5b332a233457aad5d824b9df2cb,128.9,2016-10
33fbcb38d3009eddfe53b3063c642959,49.9,2016-10
0636d30c77f0f9cfad81f1c9b58c791f,949.99,2016-10
7965955995b477fd7c304f4caf2c6d26,29.9,2016-10
ee1b69039bd20877692d8622dedbc3ec,279.9,2016-10
2108073aab31d087b1043c32fd9fdc47,69.9,2016-10
cc61b7d08f418647cd5c7766e1f2f9fa,49.9,2016-10
cd5a5843d35eebdf90368bf24d4a04cf,49.99,2016-10
2774c87659bdca5ddfc6df1a688a54e5,39.99,2016-10
de51ac050e580a6f05fdf0d56fac2cef,59.9,2016-10
11a40baf46bd96289d1f0936dae9a256,44.9,2016-10
e8d4692a6aec2ab156ad409cd1a72bb7,21.5,2016-10
b2639226e3ba85c1e40abf59a40d5b66,69.9,2016-10
3dbb0fae1525f2917412d3a890987f7e,59.9,2016-10
16c362fd9bd8fd63d3e70f7f94b640a1,17.8,2016-10
4910006053f92928b62910d568d4ad1e,549.99,2016-10
2bf93b9956e26356b52f5d426c7801de,71,2016-10
f571289f61836e3356b8c679b0652f3a,79.9,2016-10
171d92af5bf025428dfc2fd869eb8a04,590,2016-10
4a6959f9a4aca95bb3733032d0a50c9e,39.99,2016-10
eeb1b66fee35b3f1e3dfc27ff80fc0a2,109.9,2016-10
9783afad41afa667522bf03656c516f3,19,2016-10
9f302d00dd3e18ed3745778184b4f0fe,189,2016-10
55d3b6aaa9c85f456862f7e2e270102b,380,2016-10
1979dc402581a74e2bd0c0853951311d,249.9,2016-10
3c752a5f42170574e38358384ece8819,99.9,2016-10
604f317cbd59b4de7b91326f61626d90,43.89,2016-10
fdaa290acb9eeacb66fa7f979baa6803,1399,2016-10
a280408a71fb62ddc8ba902d4f86d681,59.9,2016-10
e37af39d93f352f64ede45a151161d0c,119.8,2016-10
b10f780a5e22a8c7fbce07bb3da6eeff,199.8,2016-10
7bf845014243c08bdcea071d6981303e,79.8,2016-10
95e70fa5b9014a6a718b63350260356c,134.9,2016-10
3532616d4171dc2202de2ae9233bb0c5,199.99,2016-10
8d36e7e56a9f8044df728e9cbf5a3eaf,299.99,2016-10
b9c47942414b4b3f08a3ae85f5c7e4d7,69.99,2016-10
3b32327f677fba6212c2e8e13792da74,39.99,2016-10
78712b57b1b1c000eec8434d73a7e37e,75.9,2016-10
b40f9f5a8ddb36c2b9dded8fc1f5a255,299.99,2016-10
9a7d84a4238838d9573057c632139951,19.9,2016-10
b4e9fd0c998da3801378993e637076b9,99.9,2016-10
4962136f755981b83b03f476e66eea7d,29.9,2016-10
1c5aefec1a2943edd15e52f9e2900e41,129.97,2016-10
4b753f7e58c2f8129715691ba3957fda,129.97,2016-10
1d4e969b43ef0e67167ec4d418830125,389,2016-10
b39c8c284dd7875b68a31449852cc76a,79.99,2016-10
99e41e69b60bd63edd83935499523063,32.99,2016-10
4543480cbf99692641f5b35eeae7947f,633,2016-10
b3724b93edd00e472e1db7017236f60a,109.9,2016-10
5fc74f8947fe099b44a20bde30661d83,57,2016-10
7fab7e8b8aa68f7a538ca818b7b57322,79.9,2016-10
2760aef7bd977a44aabf53f656e92722,649,2016-10
c6b482cd350f5dc9a48ec4c1292c72bd,18.9,2016-10
8f7036a46f0fba0b1caea70c6ca36203,174.9,2016-10
a5cad0a33504fb5b9725ac33ed686359,59.9,2016-10
bdb88619ffe5ca24fa5732468bd34573,79.8,2016-10
1fe76010d06f4c73ed78f3a7d469d93e,19.9,2016-10
ad1cb06f09b27e4773870d1f76a68557,69.99,2016-10
6320163c8653234370204578f308e39f,24.9,2016-10
c2154b6ca788852f644e6f56dc7abbe9,29.9,2016-10
7c2a1e9b8bdcf8c544175b2e93c70a4e,99.99,2016-10
8de8484141a728d73763be267b73cda2,136.9,2016-10
81f76d52e6e182a6b3358d20a50d888d,129.99,2016-10
dc86b29986d1f8ad458040d2400bf941,101.9,2016-10
e93d7ba71f9edaa1360d2d16e8a95783,119.8,2016-10
3ed4404759ed8860749e78c75e683180,58,2016-10
247c8264f852b34cd3124aec69332a9e,49.9,2016-10
517a3d8518447c776efd430b66470e27,248,2016-10
5c418344883a1f8617cb5577648adb4a,176.97,2016-10
be8375783b7439dd7ef30b89fb46188b,132,2016-10
202fad4a680401564558b2cda0c5a8de,18.9,2016-10
d291f3a15290c4c1edb70dc04fa8f35c,499.98,2016-10
48eb05fb37e33f3079495d0145ef2711,689.99,2016-10
3b6d8779a13d0e022d93c46e814de0fa,629.9,2016-10
8f800fc6d16456d0e952825096c0f40e,249.99,2016-10
de6150bc32a048990e6cbb6dbd3825bb,119.99,2016-10
06bdfbbe1857c3c925ec81abfb1c9666,179.9,2016-10
415ee7f7e65b172382f321e711057114,329.99,2016-10
e75b9df782b21f27d61449864774108b,59.9,2016-10
225e63e9d240db566203b1ed918a809c,10,2016-10
08da95f931937b2c20f5225f2e6c93b0,69,2016-10
37d1cea760ff9b96298e678a10b02c85,349.9,2016-10
e08b2dabdfac348704d3b031dfbf6d5f,89.9,2016-10
522e714643e682c9eff7415cffae54fb,249.9,2016-10
a6f05f77ad475fa43a454923be0c97e8,22.9,2016-10
71b35d5b0fa5a6a266dd6f103680009c,159.9,2016-10
958df1746c3131f9c7359ae5fb848497,161.55,2016-10
8ca747eb93e7b8d6a56532b8f074d185,279.9,2016-10
7a2679d6c164f6b6a2f36daf1b2fbc9d,40.9,2016-10
f176923a0a4ab546c7287791ccb82193,47.8,2016-10
d09bda44c78bc7eee6ab6a5814d73461,299.8,2016-10
ecf55c92c7bf73cc1d576a0f6a235b0b,299.9,2016-10
4dab471599dbcca61ac7f57baf6537c5,79.9,2016-10
6b681e2738264eb39f1da19f82919630,39.9,2016-10
8d3a54507421dbd2ce0a1d58046826e0,119.9,2016-10
12cc890391e57d7123e004856ff1f137,75,2016-10
fb48b86d9a78b53675c121e4ec8981ed,134.7,2016-10
cb9f4b2fe91fdef805d9d0344b471246,54.9,2016-10
d78014098f313770fc276a44a9e84a87,49.99,2016-10
1dc848c11c2985635c268ff3dea707eb,93.9,2016-10
f79fe58e24e35fe4c036e1fb462769de,56,2016-10
6b8adddd6900dade3fc39d42df662316,49,2016-10
10e89fd8e5c745f81bec101207ba4d7d,74.9,2016-10
6b4f7aec68e9574e9383d72653ae0ea1,128.9,2016-10
1ab766d3d553649d7d8c7e2bb60f5c9d,59.9,2016-10
31463a6b3a01f53c3ef1a04a849decf4,149.9,2016-10
d98096b0c597ce4bf28a2839ad0f89fc,79.9,2016-10
75b181fe0ef694c753c72540c0fdd389,89.9,2016-10
9342b18c97a2bbf3fa9d97aceb0b6dd4,399.8,2016-10
3e36312a56bdb312242490706752940b,169.9,2016-10
1151be76113653dc4ed5d7e7fd17763a,59.9,2016-10
4642cd486e01df18aa3d8468d43b2d9b,131.99,2016-10
c3e126b480a46d537bca487cc053912e,109.99,2016-10
0acb54b64345b37d81205175f3f3e779,149.99,2016-10
d60a512747263c5307fef65a58ff7532,59.9,2016-10
4f3865fa2a981933ea86fc691d97f643,74.9,2016-10
746c7bded4ed70487bf7d6461e9f855a,39.99,2016-10
ef3508c4c50a1f7c885ea2ee92218f08,39.9,2016-10
c8befcc96d8aeb7181c618aa56d9d624,86.99,2016-10
a1b3368fc2fbaee34a19608fc1eb4a4b,249,2016-10
1f98e3467d2b48dfb44fc12b137d3447,83.9,2016-10
2e15add79c76241beffe812a24ad3a31,129.8,2016-10
7e6f4c38a581cced287444d779368aed,19.9,2016-10
b2272a60af3b7f5afe04c6cbf1dcfb15,399,2016-10
a5afc2fc6cbdb37998250ef5c42eab15,89.9,2016-10
d8cef4d551f57b2f2657619815495c56,49.99,2016-10
bb5f2d03e1e945a1e5c1ab23c3de4c64,131,2016-10
d8e40a4b16990a6fd1095feae46aa1af,29.9,2016-10
ba8e8db5ac53ffa4aca56c6a645b9e05,30.97,2016-10
f922896769e9517ea3c630f3c8de86d0,39.99,2016-10
231fb63f9dc7482c7016020ef322b011,43.89,2016-10
cb1bc069e25d9c59773c85a2e2a46713,249.9,2016-10
cfbb7c1c3d613d974eef515b180e2c9b,949.99,2016-10
5f7e36fb1d42d0b1c408b5b41bc52bb3,128.9,2016-10
f1efc19f85b4823a0bfde8f77f913207,399,2016-10
0ac6c084c9623a0e2ace60297ad24d6c,193.8,2016-10
451c36d15ca9729da50f130f5c0f1c59,169.9,2016-10
a36dfd7f887f03e4818a77b11784236e,86.99,2016-10
d51c96d2f1d710b94744d6f7b88387d7,16.9,2016-10
40b41ade17bb2121b576b07e25ce622b,949.99,2016-10
14359ea0c7a105749c0a56478825b015,32.49,2016-10
72602f19e9db5d1f5245849d55794e52,44.99,2016-10
4403513209514871ac9d0fd681f7cdb5,29.99,2016-10
e8798977c2a62ecf8f2b17fba406097f,119.99,2016-10
2ad10f49ef1f061d5f6739c89d3ade68,379.9,2016-10
4e23e1826902ec9f208e8cc61329b494,59.9,2016-10
d6cbe5bf7d8f5583902fd66f1b7a2f44,128.9,2016-10
0d527a050dc34913c5c4746cefae5995,58,2016-10
ad7f0d20b46f7386fa4509cbd19c095d,19.9,2016-10
664f7107c351f24b16b68919398730a0,294.9,2016-10
32ea3bdedab835c3aa6cb68ce66565ef,29.9,2016-10
a6a1951929248912bcccea06be552ea2,73.35,2016-10
e3299196e1482e1ae1320fcb594bc23e,89.9,2016-10
27ede105a6042b71a261bf57f75fdcf8,6,2016-10
41836ee9834e5c216b28ff121f5d8741,49.99,2016-10
8fedeab003cb5fbd2bb599ccb940c49d,39.7,2016-10
2f64e403852e6893ae37485d5fcacdaf,21.9,2016-10
28706b8dc0fe2a95fbcec1e53253d8e4,249.9,2016-10
b1a17b1877beaabde6421f631c95a734,49.9,2016-10
cb77bc826e0061d5f6e1702be7b87370,119.9,2016-10
ff8557b296729eaa30f078d974c86812,79.99,2016-10
6d0572dd5acc888fae43a2e5789bb990,107.99,2016-10
f7ace36f8a10c4b2ede9ea7708e01454,72.9,2016-10
6259b1f4da26c67879164ebce6333481,24.9,2016-10
d748ffd406ceef24252c8879c1b27f96,65.9,2016-10
e77dc6d35eca2c309c97739d49994220,379.98,2016-10
f7b62c75467e8ce080b201667cbbc274,150.76999999999998,2016-10
3b2aa495b3557acad84b380301a9cc94,629.9,2016-10
0a02ba4243b1b0e048a3841d5758d113,98,2016-10
abcee124c52c041bafc381cbc0036d24,96.91000000000001,2016-10
f99053da7416fd6d626451cd49e44e0f,19.99,2016-10
ff68ad2883e793597f1c343dd6505f5d,499.8,2016-10
d6a930873ee3f80aa823cb1d4baca58d,94.99,2016-10
8329519e31cb1b89bd44c3c6ae417ad6,11.9,2016-10
24c0806a2407ad1f14b1323849bd246c,25.9,2016-10
d58063e0329c70d19363e6225ca43128,69.9,2016-10
0ecf7f65b5ff3b9e61b637e59f495e0a,126.69,2016-10
84717d840af87a7fa12a66a0933ede2a,138,2016-10
87776adb449c551e74c13fc34f036105,29.99,2016-10
90fda9374b3c767ab5f2ed071d2a69bd,249.9,2016-10
ff822e5e1322cef6c211ad8a0591999e,15.9,2016-10
9b0f710c65ae9320f0acd6dfccc1b4d6,99.9,2016-10
30a38716bb2d04f12bb813aa2f926270,99.9,2016-10
7a176e5d88c7acb6000a055e008c055d,579.79,2016-10
f2fa99f89acf8b2c2f63775d218def26,179.7,2016-10
ffb973f2bb1c0cb807a99341a9b20dcd,87.3,2016-10
55b9662183a72ec77b8f467ff8d42fa3,49.8,2016-10
4be873e3bf0455763882101d7eccc78c,199,2016-10
61db744d2f835035a5625b59350c6b63,36.49,2016-10
7390ed59fa1febbfda31a80b4318c8cb,128.9,2016-10
0922f37485310929b1b94e8f0c984ca5,139.99,2016-10
f3c581f21aff6af44eae11dc363a6562,49,2016-10
2552194579775fed6641fa5f56152e0a,339.9,2016-10
ac10064713bd3169f17aed85acad2106,649.17,2016-10
0b3dc7efaafb0cf78a4796d42fa8d74c,249.9,2016-10
840048bff3cbd6d92d97a3816521222e,225.9,2016-10
0032c76b20340da25249092a268ce66c,128.9,2016-10
e59e80fa326ba8d2e055c001d4053ca3,57.9,2016-10
90cef361fed2e841d4a2ca888590b952,20.9,2016-10
5d2db05a565eda438cf5069b7be6b1bb,51.5,2016-10
594fdb8a3914a91415413b3a467fa862,44.9,2016-10
88bc832f104b6dd684a17dbb1b76e778,89.9,2016-10
4bb9eff279b892251d672d74a4272434,59.9,2016-10
87b3f231705783eb2217e25851c0a45d,239.9,2016-10
6360ff9a3d58800ba0b03b1c6c290d92,219.8,2016-10
760337c825700b7db6d44a71c06753c8,24.99,2016-10
db890d2b3c871e8e4298f21bc8a7736b,49.9,2016-10
33faaac58c27088e3a8a8afd6058a6de,24.99,2016-10
a93b7ffb96986b7ae5bef50b9f789ed8,45.89,2016-10
215c4eb12924f9cc3c6cbd9a83fd5f69,269.9,2016-10
95c47b016360d9186ca9138abb0e080d,32.9,2016-10
3c34090736785a45dd8cbf536ad289c4,72,2016-10
f706755df4abce09ff6fcdfadbe76166,62.9,2016-10
faae4bdf680651e40005ea6f0f90e8b8,49.9,2016-10
2e92a624a8a3f8ab5eb51d42fca60e5b,39.9,2016-10
827e0258c06b6c4bfecec9e54bc04960,27.9,2016-10
a311db8053cf14527828dd6d89a1f57a,89.9,2016-10
ccafc1c3f270410521c3c6f3b249870f,41.99,2016-10
0829f7df6577d5a4b65439bea701405f,249.9,2016-10
381411bd0b3e1aff0b23bfed26d000af,90,2016-10
d355afc67927984cd3dc896414197c47,88,2016-10
5f61b10d70849d46be5643b7453e1708,467.4,2016-10
1d6bf991d51a595e57cf95d8bc861a15,35,2016-10
18af4524eed79155034a9374880c5078,29.9,2016-10
d0f63e7f9adb09e4efc7f4f276b977e4,169.99,2016-10
6e4c8eed6842146f77d917f7b437b4c2,148,2016-10
a9530b74fe56ca4be9e5f2c7e7c4175a,119.8,2016-10
94e5ea5a8c1bf546db2739673060c43f,54.9,2016-10
df2988ba3ed226b10521a0e4da849b61,67.9,2016-10
e6a1d274cbba12da4cd29eb462b34be5,161.99,2016-10
5da3ad487547da6f4f3011269b38f324,49,2016-10
15896826233a6eda72c64e1b99a0856a,99.99,2016-10
dccb0c4954538b15d8c4fa1fb69456aa,136.9,2016-10
1881f0742867dc75d6e0bcc24f866710,35,2016-10
b313b4a68d70a37718f0313f32789e2b,212.4,2016-10
cf3ca218511c73ca4a1c6a19e71f02d4,99.98,2016-10
36620f9fa97dadf4867e4e15e3488f48,299.9,2016-10
a45afad7fcd7b8fa4fae020780a05b55,149.9,2016-10
37751f6b47c9a1dc55fffde08f0183fc,49.9,2016-10
3d92572ad56193b186bf331850e189f5,210,2016-10
b74deaa44a000da4ce9bf2913cb8e232,49.9,2016-10
76cfb52cb2b6b08a3a01454ad83e73f1,49,2016-10
3f4f614c632af7fc7508462a7cb55ac2,9.9,2016-10
22e16e7154401d6eb4f7ba788b3edb7e,499.99,2016-10
c1b7a862b80f4b3c397d70ec4b1df7c5,99.9,2016-10
2557b9d6b7d5ca77ebc116062e558214,18.9,2016-10
7c6157bc4c2bae550d37b6fc445db0d5,49.99,2016-10
8cd892a381c7d2f5532e23b83e509399,49.99,2016-10
7af2db50b8a1a1c7fdf77acb033ba6b0,89,2016-10
af46f006f8c0e0d06975480af3805422,139.9,2016-10
880e01d45fe9fdf7f417f37e55e7730f,599.6,2016-10
6f90ec5150be36c4475835b5941ab56f,179.19000000000003,2016-10
01f156677184504063bd19739f924af1,739.98,2016-10
221234182f828fb9f2a4ba9c89874ede,319.6,2016-10
b997e25246ed06045ed885ca74385b4d,339.9,2016-10
f7b981e8a280e455ac3cbe0d5d171bd1,10.9,2016-12
363e10681301da394e9e505ea41c6e50,89.9,2017-01
2205452883526d0f4dfe5f23ba2fd6d7,79.9,2017-01
3d8b5f7499ecd5b1d995bb18d9ef69fe,189,2017-01
542736940dd0e914178cbc58a979c303,129.99,2017-01
9ebb078703bce2d1db28c206d2aae886,149.99,2017-01
a8e4a8d784c5a994b94dd2f368de5cf2,219.99,2017-01
ea4970ec61c209a7e44aebbd2fb7f269,149.95,2017-01
1c137fe37df712015f6488edafe8ece4,49.9,2017-01
a68366a33b3fb472b124bba255416bea,669,2017-01
06058fe38c88d8d03a06ebaa6fb68aad,129.99,2017-01
6ce2c010b9675d72eb43d7d311d9423a,10.49,2017-01
5a1ca59d931014c3141a150d51a00994,259.9,2017-01
92dd9c8abb3cfdd902e9528cab9cc3cf,180,2017-01
af1af7ad74eff1faa28eb972ec695e23,30.97,2017-01
13706c96221b6ff26c66567244603650,104.99,2017-01
314b61600e5228a9dfe7623fd25ba846,1299,2017-01
a4b1243a3712eefc2d8ae5d053a1d298,113,2017-01
ce88d6a35796ddae6e12cc1206efcb38,399,2017-01
c39b2706a13ca378504fe314e7f2f645,39.9,2017-01
9193694c62bc1e1927030603e0ddc905,54.9,2017-01
45c09dd7c031515e6a0ceac3d0fd160c,20.9,2017-01
d2e20ff389a9279d9dd515f5cf857e76,49,2017-01
ed8d3a85dcebf694f8dde843f3cef35a,137.99,2017-01
0de3f5cbeaedc8f981622dcefce0686f,143.8,2017-01
cc80ae8fd9fa74580d1f502543704c6c,174.9,2017-01
b4be434bcbf5fac41b8be0e055135c9a,354.8,2017-01
522d1f87cd0763c5fe91a7277b41197f,17.5,2017-01
3564c4748fd6c1097ba1a7e7c6fa5ff1,31.5,2017-01
26637eea80412340159f0d7d9bac0d77,27.6,2017-01
60a5eebffa1776fc17cf943de2bc847f,30.97,2017-01
b8bdfc9a2e1db42608cef6cd5002e32b,659,2017-01
c0ffced3ebdad307fbf1bff6b9f65bca,99.9,2017-01
d059a0ec4c911c7abb10602099670325,20,2017-01
9d74a7e29e866ee0302503f15446f874,117.3,2017-01
d2e96fc998d538905a948410e26fee2c,229.9,2017-01
5e0aa142dc4760e62a74c1830cbf91b1,349.9,2017-01
c1254a1e8dde33aa9aa2ec0a5b93452a,89.57,2017-01
72083d3ab3b07e2d0f4506bf7b7bea97,103.99,2017-01
a427a6c44aec3df75fbbf7da7ce3b178,139.99,2017-01
0af9e2cf24bbd44ec390c828b1eb7356,11.2,2017-01
4079d39cb3fdea47201540107c1673dc,3.9,2017-01
669fc0419f968b66fbfcd0cbccb28001,147.9,2017-01
765369a23b18f4f6dfce1757448fbae0,119.9,2017-01
9ad1506972e27cf782ac75246c5ee76e,26,2017-01
b8177fa410bf355abdd2dc422aeb7269,25,2017-01
65f58168b9e3281c5c57dd0a06720ddf,89.99,2017-01
82629037a1fd4821b8645ceae55845bd,59.9,2017-01
0b4f18a0cf7872514b14ebf56c56e68f,64.99,2017-01
c133266c3fa2b7e61977e256dec074a0,459.8,2017-01
0f1bc2cfe415c3d1aba852b5cd6aee42,349.9,2017-01
2a371d6666ff3a5b688a6e353fb83542,69.9,2017-01
cc93f0fd2d5903386827b0dd3de6fc42,38.9,2017-01
f470726b512325dcb4e26874f338cd83,109.9,2017-01
ea7086ab7cd398da72b160bd0f89b9b9,14,2017-01
c97f43354466238a486e90287d00b81d,119.99,2017-01
1ba713c8258f756279a049018ce01177,347.7,2017-01
bd8717655febcdf30f106e9f3cb24628,2199.99,2017-01
1e9ebbaa6a3a66ad3f47d4480be0bb95,380,2017-01
0a2acc24796a8a33d615a44dcd2a5fdb,99.99,2017-01
f78a1d6281b3b4a1542c00bd1d8b503a,19.9,2017-01
9e9715e2dea5a3eb18d4e21f7d91a8ee,74.9,2017-01
07dd74ef623ff7a379e0f59577a35a2a,59.9,2017-01
54bf4c6f2b71ffbd2940ac9fbcd93ce4,51,2017-01
dbd646e11d140ae5452828dd2eb2c6e9,59.9,2017-01
e342ebdde0ad92773298b48def63e714,164.9,2017-01
4d16bcc453234aa62a86defb6b08ab85,48.9,2017-01
e264ef071f4c0fb4a0f3e9139b283dee,239.99,2017-01
59d70280e586b9af0a548f9e0fe68cae,209.99,2017-01
bf56e7a0d1d125f0ebf7218b759752ac,59.9,2017-01
89a70a556b3bcb25ed26720f08450bf4,49.99,2017-01
aa6a5249d19627faaad6d0291a966104,62.9,2017-01
1c6c7f4687318090a16753eeefd5b1b1,89.9,2017-01
81969213c0db697f2a6da4a4eaad1bf9,223.9,2017-01
e028094e844981adaf6de76e17d60351,39.99,2017-01
5d3352f7a8f2f9e5d159f83b645a170f,119.9,2017-01
b0e456c406192d77c8ff45ba89c81d61,199.98,2017-01
c6f624cf0e9908fe310d59a80350bea0,69.9,2017-01
5e8fcce8e57e95ac2100751527c9a485,184.99,2017-01
4afcf7ae2181b598259d121795fd628a,370,2017-01
8704d22470c90667b52c6fb875625418,10.99,2017-01
18eaafdd580e724d84a7ea1d710fd88f,110,2017-01
55e4961112ecf48f62b785a19694ad5d,66.9,2017-01
915576ac0abe2ffd7a97c7db777108bc,95,2017-01
c9db46713c0120a12c6abbed0f949993,12.9,2017-01
5db7f1850c41ddc2a8b0c1699ab35ccc,249,2017-01
57c7328718a984a6d070841c93386322,139.9,2017-01
0d8813732f25d4185df8c792dafe28c8,179.85,2017-01
174ca114d69e69c17a25752cbac289bf,99,2017-01
55b3a0a9998356016bbb072bf8c188a6,79.9,2017-01
8416fd034dbaeface8a52c0819d3dffa,349.99,2017-01
fd25374ab64dff3da1f5bf91fccd7450,157,2017-01
c179057f564af5f24ea3d13b24616f19,119.99,2017-01
08114c58968d782002f7cbb2d4cdf823,35.5,2017-01
f4d1ea62b8dc58a9fe1bd141080d624d,199,2017-01
3ed5e288eb859999092ba5da0c1b3128,224.16,2017-01
4a1827d2f38e2c00736326bfb9f68ee8,104.99,2017-01
983218a392d76592ad22ce4e139d219d,92.1,2017-01
69e4074cb5368c1539397e4ea570757a,109.9,2017-01
f80f8939945e7124d3aa21129986b932,65.9,2017-01
4cadda4ceeff8e011cb33d9ef96aaee6,23.89,2017-01
8331d73eb4989100a9a2dfa095dceaa7,119.6,2017-01
3274f2b2174433e889854e791974e48c,155.96,2017-01
d8bee9ec375c3a0f9ef8ed7456a51dcd,183.29,2017-01
79a5067ec16a54f34bd3e4a31944adbb,359.9,2017-01
b77d9287064d0c8130947b0c84166a76,689.89,2017-01
960c60e7ac1870b12902f5685d7cce08,199.9,2017-01
62f838d90fa602253fca5ab51b672179,23.9,2017-01
40a0d0ab497152d487c6f59a27830c98,10.99,2017-01
dcb9ccbeba1a08fd27d8f50618ffbb2a,380,2017-01
45a529e4af8f502a189094332e8ed24e,119.4,2017-01
1c81d0cd06e55c6c1b9a353a32a94c33,134.17,2017-01
cd4b9f268bcad20a5d9cb8b41a2e6ed1,37.9,2017-01
706d8bed4a8fad874e8090a15b498212,131.99,2017-01
cde316c0782f6532cda25c5158a5b6d5,41.9,2017-01
4fd1b2e7c09c60c05762f31151d464f8,45.9,2017-01
8dca1e6a2d880073f8104b4b0064c105,279.99,2017-01
b85aeee30d059f6d59decd7ea19c12da,135.9,2017-01
bb07648db5b0a3cd55ca6a116f011fc4,13,2017-01
c45bca52946a193b21364ad877e60342,51.9,2017-01
9baf1392eba0e3765864edc27c11a9a4,48.9,2017-01
d6779a4b34d196a59ad0d562c5333dfb,689.89,2017-01
c237c66fa20c6bb05c90ac56fdd95173,203.37,2017-01
acf91aaa6f337456d3c506a5a494552c,45.89,2017-01
bcdd3f31625ec664aca676d1c101e753,370,2017-01
00115fc7123b5310cf6d3a3aa932699e,59.99,2017-01
5f2d0693b4bacfc00bfe92a15c42b837,669,2017-01
a79d550defbe2232aefb4a509c61df55,40,2017-01
c9a46f6978294b1095dffd3f228bea68,29.99,2017-01
5acb44e8f0ffc5e73a4166f51eede9d4,76.05,2017-01
ffebb6424578e7bb153322da9d65634f,629,2017-01
cee4b4591e7b82254d2c518cc30333a3,199.9,2017-01
753edf44d14afd72110c66fb22b69c91,66.99,2017-01
350e8b23ce9d4b0cb07e219f1735b04a,59.9,2017-01
92ebc42647a2339f0ba0c33f84d9bdba,38.5,2017-01
faf47b5b5d6da79375665838f42e5136,49.9,2017-01
09a3196b73375086b541e01cc3269738,23.9,2017-01
33abb6c6f7f4097194a2b5085450b53e,103.99,2017-01
6709a7ea04a5251937e8def213bd93e8,69.9,2017-01
b9ac5718b8f3ff34b2929ac08661f82a,50.9,2017-01
8d101c47a4c3fb0d038d454668b1464c,44.5,2017-01
6844cfbae485da8c9ac6d7dd38e1d3e3,90,2017-01
c12d2d5af57f056bdf9add9481948fb6,79.9,2017-01
e40d59fa312bc135e52952f33e30252e,370,2017-01
523730e4b2ef7654c243699b81763112,149.9,2017-01
ad79377cfe4283dfba93ba8c545437af,49.9,2017-01
5045da01402baca564e8d4fe5f74a968,139.9,2017-01
1e13be066b12fd9fd852bbbfb790dfae,139.8,2017-01
ac9356cb7ca89ff80b1262257580468e,90,2017-01
051cb410e248720e71b4ef51ff5044db,44.9,2017-01
f8ea14322aa66955d27b0d049b3dad79,839,2017-01
c4601f3d0e8da101aeba12d2ed530285,79.98,2017-01
c0cdc5157fd559f00eecc5cf0da5073c,129.9,2017-01
db5959ee2d1e677a255be86a6f7e9aa6,16.5,2017-01
9ab6e9ce8afdb15b37eaa92421cb81e6,59.9,2017-01
9b115a88b163c830eea9e44080e81223,22.3,2017-01
3f81a7afc0532976d0e0f41b20adf2b0,22.4,2017-01
60e6fe581610db699ac03fec61f4d53f,65,2017-01
f65b9cde425984c1041a2b0b1b4f99ad,329.9,2017-01
32845d7f61934b59a9c3cce3fad4ba9d,19.99,2017-01
c8286434bb87dd80be297fc3e6bdc49b,43.9,2017-01
218cfff9dc92d8ada9f47343cb1c82b2,34.9,2017-01
b0bc6de4a99007470bbdbbf5cc502ea9,54.8,2017-01
890428d68645fb2cbb42bc2e46ac2241,869,2017-01
b431e4fa975171eec47c6e346c4dfdc2,214.9,2017-01
c84bec9314ced846300a26484ef9a52b,29.99,2017-01
a908f7551bf4ad06732bd84eff560037,30.97,2017-01
65673eb10bb25611b2a9eda38b0e57ff,45,2017-01
261e8255730ab49376999aaa118e65b0,103.99,2017-01
4ece3c23c89ab319574f257763c717a1,99.9,2017-01
83f7b04d3399b939076a8cc0572b4000,26.99,2017-01
a48ce24144099b583b6150e0f69712d4,26.8,2017-01
bb78901615bf2df3f75b52cd41813869,89.9,2017-01
482b83576bf1699dd0a448805e211146,1299,2017-01
02251550f4d16aca44ce66e4263c0522,129.99,2017-01
71a0fae4064662f2c70190ac39622eae,192,2017-01
2d7a88002fb4c6073fbef4f59707a0e0,229.8,2017-01
72025949535cc5d91386aabc4fa7ad86,209.9,2017-01
da5bbfd583efb762f6fda762f1aaf4a9,29.5,2017-01
5b4f4020c6264b792133c4a42e41a0b3,42.99,2017-01
0ef86c70dde0066d9348655fc4e95470,199.99,2017-01
6222ef69df52b4ed71be551725551cc0,30.700000000000003,2017-01
b6e333234b9abfc51d7e00157d29f8f7,49.8,2017-01
7f11d8cba2b0b40ef25915bf8e0c48c0,39.9,2017-01
fb67e36c7821196d862282dc44ead86b,69.9,2017-01
2734edbaf3ea5d3c5383fc431d10ca29,419.9,2017-01
1ae78cd8cf034823e5cca58266ca894e,65.9,2017-01
1aba41ff60afaade1aadfc1eeb30f87f,59.9,2017-01
71f9d647cd3876fd59aa40c74c81e972,21.98,2017-01
35d5991f246b8b9c4e1b4b1a927b1465,222.4,2017-01
0362cd11581b91270ed0b9a1028b34e5,28.9,2017-01
c9d3d62eee5be8ce2cd9a94d188c965a,59.9,2017-01
80f272114de4e7dfa88629b9f3bf0095,27.99,2017-01
4862e84e08df689a5ccec996b1f7b393,77,2017-01
bf47fe81fa046641c00c85d63df7ce58,65,2017-01
d8597267ec0a9fc0eaa100bf063b7b1d,45.89,2017-01
3a824266ae6ffea50aaff58c9e675f81,32.89,2017-01
b553fcaa629a8358eb9c498eed5343af,99.9,2017-01
03d8e50ab83b5e43e11d51bbadb8b0bd,69.9,2017-01
9116ad81ecdcdef227dc53265879ce1d,31,2017-01
325e19085f3017b73be3d9fd98a93301,98,2017-01
13cdb9d2530b1193e81f0c447924d2f0,223.9,2017-01
572d41d4bcd3c9cefce4aca490ea0343,20.98,2017-01
13b588da91760a6e28ec9e0e1a2b414e,349.9,2017-01
e2a9ce5993c4e7bd7929e889da70a919,44.99,2017-01
70c54f44c2b0fea644d1caae6142ed62,89.99,2017-01
910a4a6cbd33eefa52d8b521bbf3661f,57.8,2017-01
f46db3d98ff04f63ba4b26edba489dad,164.89,2017-01
6ae1442f1cd67099c402c6140b58a918,209.70000000000002,2017-01
fdc4ce0f1854f89a62dc83a38c6a08db,297,2017-01
23d3359084c05fac6141ce51b3376074,102.5,2017-01
3315424c3588a42098b6b37a78aed0a4,119.9,2017-01
234d6113db7ff4b1a933c65da3d9bf1c,349.9,2017-01
b4a5f3d0becb4574e563e90cc42024ec,369.9,2017-01
ed5ef953c0941dc977aba367437e876c,129.99,2017-01
502c07b7330ba7d5edd4fffe8c5ae0c3,99.9,2017-01
a5e42bf4c43302b886ff16d4007fd695,23.9,2017-01
e0887426e5f891db9992803bdbc505a1,59.9,2017-01
7c82b91749355c6daebaada73da54e2e,1999,2017-01
c293bfd1d0d3bca4b541fbfeb93d4d96,179.49,2017-01
05f0509adff9a7c6e37cc5d6e5c57e8a,34.9,2017-01
05138f0e74cada45353482fa3920defd,349.99,2017-01
49ec3b730bc59d1053305e7d20c5828e,59.9,2017-01
e63589e329d238ea543d5ba8e6d18161,89.9,2017-01
d9643e0f17a9f63e44217990f46a96f9,87.9,2017-01
fc00da40808e113053d8a26c3e854ccf,10.99,2017-01
c0b64e84c7ec378cd26a904ce0f29764,45.9,2017-01
b992ba5b73d1e67d34f48d71a5617e88,129.99,2017-01
c29fa3544a4e3c96964055e4c1a45138,29.99,2017-01
dca82da75297f7cf5596674a229c89c5,173.85,2017-01
008f3d5f45a11059239a5c452cd00006,309.9,2017-01
ac679b68f9307ab0c783357fe16eb0fd,259.9,2017-01
539f3b8a4fbc3bc6eb1d3e4c83bf2abc,64.9,2017-01
27147dbc9e950da24fc983f4589858d4,49.9,2017-01
ef026b181b8edf96c9ba24e7a989f7b4,99.9,2017-01
5bc94b60050224af3dfdd2377c7e93e6,193.73000000000002,2017-01
967ee07cb69460a7e1d42c7747142572,99,2017-01
8b55f7f0b79b0885eaea2966bb6c7155,23.9,2017-01
0f20997f7f9f1c75f9b546a4598989f0,69.9,2017-01
35e146c985a9cf989c91edb4c0c156fa,299.8,2017-01
aaa1c67c77562ad0d99806a54088fc9e,59.9,2017-01
94e62e9baf0b7cca77bfdd81ba8746cb,33.5,2017-01
2e43e031f10de28e557c35ef668f9396,269.22,2017-01
3f26a900e8a097011c321eb6eb66ded7,29.9,2017-01
d93129fd763bf7f5541e5e69dcc2830e,109.9,2017-01
f6fe57d378dab85208a1fdd0172548e0,60,2017-01
26e9774a56353b496eda3b90961b94b7,23.9,2017-01
11f97da02237a49c8e783dfda6f50e8e,765,2017-01
7a84515823bc6c15b7b0e1ba70a704ae,29.8,2017-01
b6b2c3c8fd76769b478618a3c2505009,10.9,2017-01
b824f6981f2ee1c30533c4138572428c,115.9,2017-01
f74f1d6a350eee4e9dc08bfcfc7fe590,59.5,2017-01
4b5f998cce2788f75444c20bd6a3d065,119.99,2017-01
6de829a55f2a1592af7e35782e8cf48c,59.9,2017-01
03f19e532a8b6cdbc7c56ec70516ad0a,59.99,2017-01
62875d300d81b5f33990d8bd3ef103be,349.99,2017-01
7f75d82fb48730a02d3c678dd2242e44,279,2017-01
69b2b29382af03e03e486ad307a76000,1934,2017-01
36c609d445f089d31d4f0d39a93db684,113,2017-01
98373acca5178086924094608b1ddca7,15.32,2017-01
3b9db64edd09037f28a6ba66dfdb6088,119.8,2017-01
81c553db2d819c53f841bd93b680f35a,23.9,2017-01
976a39626eb2337ee3258d4ad73f1543,9.99,2017-01
8c4eb133c4a45634289a9727130a32e1,239.9,2017-01
7459c5e40af6c3ba3c1cf02eb107a2e7,18,2017-01
72c73e4d6a500a1800f0a507a9ad0df4,49.99,2017-01
2abd1358778a9cc18d04cf7211b799b9,42,2017-01
48a5985f8d97849159f7675e5f05ed75,44.99,2017-01
62972384465273ec1b0d3cf772abc390,14.9,2017-01
8a0793d04e0f4be13434516ee7037104,289.98,2017-01
4b3207464f5f7a48a7f63fa0b1251d86,9.9,2017-01
f59dcbbff80e462d11eba16dbbc43ff6,49.9,2017-01
5dfa073ad1f07633e87ad388a99a55b1,23.9,2017-01
351a33d3fc09554e07f3384309e31bd1,223.9,2017-01
81e5894ccebaddd81c3199b57bb52e8f,59.5,2017-01
728e4a7d0db4845270091ded0923c71f,20.700000000000003,2017-01
fc19fe9ac733e36ff8227c29435c2030,49.9,2017-01
b48d4174294cc546a7745ef40258de49,23.9,2017-01
28b532ed2ae560bc90687b4d466d458b,84.8,2017-01
f702d3ff30b8cf5083af2bf140043067,25,2017-01
baf8a55609217194b2feb8adacdcc144,23.9,2017-01
1fd8862a2eff56f95aaf5ebbb5619971,164.99,2017-01
05530f12381a5556c040029ac0036a18,113,2017-01
040e4df45a02c9d398c233227f207f67,198,2017-01
bc2387c48428a2e128eaa3d5b18b3591,49.9,2017-01
75b1ebef8b5bd5d6a2a9c49e1beb1132,25,2017-01
1c259d4575f154dccfefa0576b0ca987,7.9,2017-01
6bd4f06d5599d085d7a367cf49626155,34.9,2017-01
afd7b301910a6aa6251b6ddbfb3a7e64,68.99,2017-01
ead79f0f7e56bfe34b76c5712e623363,124,2017-01
d6d67261f2634cdf9ec293cd765c8479,99,2017-01
bcfdca13b3b657eeccd2528bd38d0425,37.98,2017-01
2a20697e5508f62175c47760b460bd01,42.99,2017-01
853ba75a0b423722ccf270eea3b4cfe4,77,2017-01
f992b70fb02cdfadc277f493997515b7,11.5,2017-01
d4ec1db68ee6fafe0ce4293bdf2c1b4a,113,2017-01
6b5fa65642acb463c835ef79de54c1ae,164.99,2017-01
e819069612699e215127ae14289c413c,164.89,2017-01
d9ee7056d3b273526910787687c3c218,489.9,2017-01
9476d63d5d33e182ed23f661fda9214b,24.9,2017-01
90b68b6163beccc6f471d64de5258367,79.8,2017-01
fd59b2040862a3c5f0956eeb1193f239,65,2017-01
62b690c75a3008d4712aa691ac30b7ba,19.9,2017-01
6ec09595e0817c04ed4844f143251a69,99,2017-01
69aab61687fa416ef601af332bd0ff0d,39.9,2017-01
e021e698833bdeb89dfef3acb2e91f37,223.9,2017-01
2c062277d1bc994eb32e7cad86190278,109.9,2017-01
4935a78ccb4610047befc89c31602c36,45,2017-01
0ac4d05bbe5f9dd1011eeadba1e76955,117,2017-01
a996968a17a2817d8adc4209d42ee72d,139.99,2017-01
4940b91a3fa4f12b278323515e9eac62,119.99,2017-01
8b2b2f74f91382a716c4471728e1bdac,31.98,2017-01
9fd8877693ff130016da781131003785,65,2017-01
aa0a11e7851a7e8c0a9139633fda2d19,207.98,2017-01
72190b69b96d51e002b07103b1e0c809,159.9,2017-01
5b2339965459982f42b6fda1b13a27b4,105.9,2017-01
d8f3c4f441a9b59a29f977df16724f38,74.69999999999999,2017-01
6d9e2c0d8e12764c96436cdd2cd11655,129.99,2017-01
293c7d76ee9907ebe673abe57a230ba2,119.99,2017-01
7ccbb0145aa630a84998d6584129a96c,199.99,2017-01
430e6e24b7e95282f6e8fb4299a63082,349.9,2017-01
054ffdea48c902c9ec66095e46b74c46,10.3,2017-01
ec9c7ebb2a345ccd42c46b94ecb4d319,380,2017-01
028ae0b8c77250d12323b40f2cbb38c7,61.9,2017-01
84e0688353bf674f564e79eafc025b5b,170,2017-01
fccfbf734a92029859c4fe58eff05114,279.99,2017-01
b24f550daff91e457c446db85553ede0,23.9,2017-01
7122b4f327033b35961170342401066c,10.49,2017-01
a4d9bca01de16ecc32654c12e2c18c05,380,2017-01
25f287951bd4fd3e2ab42be9b6ad356a,109.5,2017-01
1ebcaa4880a924804df1ea3656e1c623,259.9,2017-01
53ab246426bad17ebfa16c1a84e67294,33.9,2017-01
5286f4342593aeeca93e0543ef0ac5f0,44.95,2017-01
ae271f166e8d5098c767f5753eab678e,587.7,2017-01
14b79aa03b656dbd7c3abdbecbcab862,177,2017-01
318b69202a96429368680f215843340d,636,2017-01
746db413bf377af701e6dabdfb3509f5,43.98,2017-01
9394f9f2e04e9d3316d930eb8f49f7cd,87.99,2017-01
dfc02cf6b5c4222c8d5408ad15acb02f,149,2017-01
9d9d1b89047588241d03772768201fc5,49.9,2017-01
6ff8b0d7b35d5c945633b8d60165691b,39.99,2017-01
0fd77103b2734193d2bbb936e774418b,189.99,2017-01
6d94a894c28059c9703befc3603704cc,207.98,2017-01
9eb6958dbab7b4136d22e411cfa8ff03,124.80000000000001,2017-01
cb3709632b79a6369878c981ccb22045,498.99,2017-01
2c92b3c621adddeae929cb98870dd6d2,39.9,2017-01
212bd1dca013e0b1e466c735ca6d3bf8,27.5,2017-01
1f120499af090bbc76911420dd1f93ad,19.9,2017-01
7b5e2c3263123b70cb9961f8aa7f0388,34.9,2017-01
f75da962fb4ddac1569e90c21803c455,595.99,2017-01
30ad1451a70a8da11a69dc6dcfe31256,87.9,2017-01
e7b4387753fe653df8d20554cb443465,89.9,2017-01
c68949b701afe5343ce845dd492772e8,22.9,2017-01
da1893715fcf0fe9b44be82e8a479161,32.3,2017-01
6ad46014a4203440c38e3dbf7aedf51c,168,2017-01
d398a57e85887decbe54f94aca2eb457,68.9,2017-01
4cee4a02eb33c498d0ad31ff0e7f32f1,44.6,2017-01
8b1371e4a43d8e62075c06d7256373f8,199.99,2017-01
46b6a239a832256313fe411679bf0473,74.99,2017-01
e979f8af7c5e1ecdf30bbeee7461a063,69.9,2017-01
7d9d77225e11b7722d0631d6243178e3,345,2017-01
5d335fd42a9c034be9220578ccc41d51,46.9,2017-01
8dd4b0771b20160bde2b4fb598c3f554,30.97,2017-01
e2c8e74f4e59280c388ac4e3ebd90933,139.8,2017-01
83822098b0d5345dc6cb790a224c4492,119,2017-01
4d7928aea9cfe594babf073057ad3779,64.9,2017-01
6b5c621e7785587af556b3750d9e075f,34.9,2017-01
64386d23b350d16648e3e0dc7cc7d60d,63.99,2017-01
0379a6f96d9befaf749609ba52b17783,398.05,2017-01
d31233132950973bd0df88d4523ed465,219.99,2017-01
3d290fc97428b4be07eb2972455141c6,117.3,2017-01
60cf7bedff25cf587405fb4eceab96cd,89.99,2017-01
46dd28b3f7e33b789acf42d3093b7773,59.9,2017-01
12b3f3ecec72ac5252b5bbc137ca3c59,22.99,2017-01
c15e721e52209690f253a6c8fd1a17de,66.9,2017-01
ddbead72efcebad74eb7e952b034e995,42,2017-01
eafe35709d25fa19c1ac63692d5c293f,128.9,2017-01
4a9b32703700ed17c13a3a6c1a784e1d,164.99,2017-01
de179e054de0c203fe910e0443746173,124.99,2017-01
14b24293371e96bdb40f996ad4067cce,99.9,2017-01
e30b83af13d6ff0b0f427b2a67c43b39,433.5,2017-01
2fb4183605995aad1ff94ef572b91a21,831.6,2017-01
1ccbae0dcd0c452b88a40c54f9d78401,439,2017-01
edf8176bda73a45c6a47235c7a7726b2,83.5,2017-01
7bc7dbe918ad4e7bd68abd2479727ad6,68.9,2017-01
32203277565d5e9a28b9f0da4ed32698,99.9,2017-01
7480dcbdd79758903c89f1e8548b60c5,21.99,2017-01
fdb86bf15a984dc8b14912e4ddc78f79,47.8,2017-01
617a7998a5246e035bbf0c6eb97bf436,48,2017-01
d47ae28be0ca67986130388a0d4fbfaf,559.6,2017-01
173cc731309ecc2b6c8a3ea70a715508,19.9,2017-01
a4ed37fc830d1fb2889b4193ebb09a91,59.9,2017-01
1beb7538ce743db62750b0f52a698864,99.9,2017-01
b88b78a413e70182e18b032361b24f91,65,2017-01
7a9d69fb7ce2ceca5c5c2a4f7f597250,169.9,2017-01
63299f459ddbe79050c7094da3f69b8f,279.98,2017-01
f710a2488480f6d18ef5066c1dfb7803,44.95,2017-01
48368b31672665cca1b8a03047a1702a,159.99,2017-01
6a0ff4c1287f59cf5a07a3852ba6bf7f,518,2017-01
04ed62dc4fa17047b2d70df383dc1f4d,29.9,2017-01
012e12f54f6e73b1faba89a119dab849,87.74,2017-01
f3d8599810560b7c7180840ace7c9342,99.9,2017-01
0f69b4a32db912773a707dcf9659450c,290,2017-01
212fb8fd04191789cf67caf8c78e2d1b,168,2017-01
93d934c3a86cf8a7e0e7631fd80f9ce9,59.99,2017-01
a357e6da35420f660db00199a9062bb6,86.25,2017-01
d6e1514ad963bcb618ab6a47902f6cea,159.99,2017-01
6140f784703d4b478385ac73b9e3eef1,27.9,2017-01
6228bfcc46762217dfb30909688d80be,38.5,2017-01
2ad1ffd24d9373937ac6d1e376e4494d,176,2017-01
85f577ceedf143eb1f3248c42e7c52f3,49.99,2017-01
ef89f6e31311594d74becf9e18c73693,11.9,2017-01
d26dfa98bd785e87a3d659aade51d0ba,29.99,2017-01
3720ce768cc8e7b9a23fcb794ac67179,91.71,2017-01
edd1864079b2d69900cbf5c2bcb931c7,9.9,2017-01
9d31457a03125fc870787a251760315a,89.9,2017-01
46ff58bc972f26ff6132f8e3c2b0215c,119.99,2017-01
1c4b42ca9386909cddeb8ae649be0f9e,349.9,2017-01
8ea3ac9d23c41e3e9402a59465e534c5,129.99,2017-01
609846ecfa57e90e8ce0fe6c0e06b0ad,159.9,2017-01
dce5a2ec04713ca71d7fd432f45b70cc,109.9,2017-01
6e53cd87d8ff264139a1afbd7f235c3b,25.98,2017-01
58aa424ba24df5dc745e1a3941abc5a3,69.9,2017-01
66f457f454f75af079e127189a13587b,209.9,2017-01
b77373c1be1866a704f28814c378b253,169,2017-01
bdfe47b4aabb5f74902e1c197e18c549,349.9,2017-01
120abf6e9c05f5ba0d69603dc05a98cd,129.99,2017-01
f20b97897894d369d80ea3a23263bad8,209.99,2017-01
cc77ace34a4dcc2201b429ddeaafd8a6,35,2017-01
0a4a1fea1f5db13269ec792542f58d70,89.9,2017-01
e7fde3366ddfd6dd15e59e5676f33100,20.9,2017-01
ab3ae2b67d11f63dfd9ee1899afda3e4,177,2017-01
16a860be408af5ee2e9f8a8dad56ef17,52.9,2017-01
b0787e28f887f8b5a8ca9ef9c50ea83c,189.99,2017-01
35cd47c762d9677a58dbe27d5e6c5630,40,2017-01
6bc9bf98a4897e4c512e8bfe808fe584,129.9,2017-01
9cdfe712401ae2a44d3056afbc2b77a8,310.9,2017-01
a34dc635486de07782636bdef2afd77a,279.9,2017-01
6fd85726716a6e806049c1972b4e888e,84.9,2017-01
3855608848a57e1e3c776ac5c336b813,145,2017-01
6390d97ae2f3c536d8a95344fd308a71,59.5,2017-01
527cd2850ef91088969ffbef0103dec3,11.9,2017-01
169381f51e4c3e926ef199364aeced22,589.9,2017-01
ee3f102da1f94d5782046090f5c6c67c,377,2017-01
93027a697145bb67a134f56e9a3f0d9a,39.9,2017-01
39382392765b6dc74812866ee5ee92a7,19.9,2017-01
c112276ee020e563234bd46993fddc4b,28,2017-01
903fccb1294b588a6c82921ca23acd0d,129.99,2017-01
3e93369535d8f45643c5e1dc4467924d,32.9,2017-01
01838e7d69d87bd8ff2b6ff06789adfb,126.9,2017-01
9dddffdd447ab3aa654122a6a1049906,186,2017-01
c8bc38379b2217871ffd56f27cebda40,89.57,2017-01
9a47f3ac5c51599a24bb848c16ece5f4,636,2017-01
122abbabd602cf9a5af359b07a3c0a38,29.9,2017-01
54d757624bc4f049bcf411dbfc5b832d,45.89,2017-01
e106b0bf1efc2352bda60eaeced76675,160,2017-01
7fbb6d8f1f76288d32ab1a4e74da34c5,349.9,2017-01
40f4b191d404a10a6039af0b26dd62c7,50.9,2017-01
7f2a5d876d919c76959e14657acdf942,54.9,2017-01
9526faf43eb079ae6eb94cd2fd8982c6,14.5,2017-01
0d51c3b389b1778a88ebe889c12619a1,39.9,2017-01
4182d20f129b3679e6808317f1e95567,11.5,2017-01
6b7e1090d106aaee31d5ed12d2bbc2af,69.9,2017-01
8262788edf806677acaffdbb1709ed3f,299.99,2017-01
39e4c9fa276aaa9b6af1fcd80901351c,48.8,2017-01
86d9e56cfb6bb093863537fddea0efb4,18.99,2017-01
12f5d6e1cbf93dafd9dcc19095df0b3d,58.4,2017-01
6bf33cbc32d6feef3072bf6a6ff13769,309.9,2017-01
c40388c86f0334d1d69f33fc43322a8c,199.8,2017-01
0b71af0a1a119b2db8a6c0200b552ebf,45,2017-01
a327e19095ffb086d25f7ee477c9d3c6,139.8,2017-01
90cdf84ae810487178762867e5b09fd3,16.9,2017-01
bc93a3c794ce47cbeff2d1651f4787c2,98.9,2017-01
ff8b95898b5d2ce400ce59b28c40bfbc,323.1,2017-01
aa811dd4c5b1ca28de6db905ec51ad5e,8.9,2017-01
08c64a66736d94ea0a55c397c9da85fc,89.9,2017-01
17225933796c17da3f4e3d73ef87550e,79.9,2017-01
688f41aa35d278c66448d8c443304f51,76.05,2017-01
e1b59a2032b34097d0c1c8d320f40832,229.9,2017-01
2e8561bf8b43a8b182c53dfb53fc9a7f,299.8,2017-01
12886ac2b88df7aa159e84b19b58a414,34.99,2017-01
3af90f255e824d1d53b3584a4e89ad58,60,2017-01
4831f388aaf5dfed43c1bd4455f37eac,33.99,2017-01
ae81c8b1f631eb3108924289a3333c0b,39,2017-01
1b9c191439df93697089504c628ca951,72.9,2017-01
4d30f9e0514e084c4ad6368a3afeeceb,189,2017-01
24d2610d6b2605ba1fa5659b57f48205,320,2017-01
47819e2fe2feece1eaa798f2c2398221,713.6,2017-01
9ccff5067614ac5510320fed6e4dda46,59.9,2017-01
29a63a400c3ca9982907ce8de1f19527,10.9,2017-01
ea74738436e9be0cc383049234b5ad51,129.9,2017-01
820083de6ee79c7fef5528eb251a7c16,35,2017-01
1dc9d4d7bea77b585eb404951d81c420,69.9,2017-01
15fbc48df691e0ad51b0cf30d86392a2,1718,2017-01
f3cc15d4f36871d4e330ead99799f2ac,63.9,2017-01
83e7958a94bd7f74a9414d8782f87628,38.6,2017-01
6879d467c6969cf149a17b5813535837,48.9,2017-01
9db6a3363a3a5dcc40b04408b1d02eb6,25,2017-01
0fe412c57843f290998cdb0547b5b233,380,2017-01
dfad52af74ef4e4efcd09c4f00de979d,183.9,2017-01
578ee337ed691b5a052e56db43ced56b,30.97,2017-01
652452e3f6467b9df7e3b65399262956,380,2017-01
397d9b4fe1a6f27a7180b14a42dab978,369,2017-01
24072811917876a84c81166f96aed0c1,129,2017-01
1c27234fb5b518b965a03cad960bde1f,45,2017-01
2ae1c58b259e5dc3f215ebc889d38701,51.9,2017-01
61235e631ba89f302161d88c5b3e9b44,129.9,2017-01
433dd4253bb5e9eae16387ac1b5818f4,199,2017-01
753b0bdcb8024540f111c24f2be614c1,119.9,2017-01
2c724eb337b9f040e3a65208e3280b8d,380,2017-01
f889db6fc6944e1855d143f79c4c8844,69.9,2017-01
f6e2c0cdc5cd3baaf61274104bc4e69a,10.99,2017-01
1c61833a5bbe555d71990cf46c3ccd2b,104.9,2017-01
b5ccc57b179210bda569df984bdf7df3,129.99,2017-01
28989ef45087c96e5a4346e88216c2ba,589.6,2017-01
3e5306add1209e5ba184092dd1587282,38.9,2017-01
f801278dc42ce9d4773cb91ad0e21ab8,86.80000000000001,2017-01
d49f3dae6bad25d05160fc17aca5942d,45.9,2017-01
ae96093146108e55367c723d76ea54a9,263.98,2017-01
fec0f9b88ab21b6b9bd1961500e83665,223.9,2017-01
436951eead1cce602da9256d8c59e093,74.5,2017-01
a5d3bfee5b23b430b95c4ae295e1028a,108.90000000000002,2017-01
29cde91fa14abca6b723ec94c18c2a59,127.9,2017-01
2396ed0f849c195da124f55b4c17ee35,59.9,2017-01
83e75db9c4f88190e300f1a6cca95540,64.99,2017-01
6f01b9ac4c9a8eefc69b60aa64325a12,99.99,2017-01
9e706ee24d932f790f22a7ffa70989c4,29.99,2017-01
e51eaffb93507fb621df4131e0454edd,189.9,2017-01
1bc6a6effbe393f0be2f25e73d8ce50a,54.9,2017-01
78e1fdf5955b14b03809a8a8accec102,10.99,2017-01
43f7e3bbb6ef01b8524741070eec8701,299.9,2017-01
259a143b745a93c577b929e9fe90adaf,99.96,2017-01
c3662e23d896956c1084e3160c03fed4,98.9,2017-01
f7be9bec658c62ab6240b44cd26c0b84,20.8,2017-01
861ed4dff1719a5dec6ce78b1132f2de,34.9,2017-01
995bb1c47d900b47cd32436d8a622593,349.99,2017-01
969df6f6e673e73cac594a693bcf7524,45.9,2017-01
9b0e2c4e40a458cf215f8f652f64a5ba,239.9,2017-01
cb4241101b3bfb3ecee4b2810bf9a4c2,37.99,2017-01
611110d26326c28456ebe437516be00e,34.9,2017-01
b4a76bacd02c4823afd23c34e8ea92e4,79.99,2017-01
9ff65289796499ec62ee319b027dcff0,380,2017-01
9b408f12da0705a93d8e83f59b84f60e,81.8,2017-01
ea7db74b1a04a7a1bbfab5c7d67f3f25,37.8,2017-01
c4a6d90ff659b1fc7a16bb0681f2afa7,105.99,2017-01
568877b6b81f66898aaeff1e2d66ba5a,26.9,2017-01
65ab3020e6a929e4e9a4b61e643da832,24.9,2017-01
9f86523d50f6768bc624252e42e938ff,309.9,2017-01
975c66693ec7ce66a1a5044685f9996c,14.97,2017-01
1842d12ff8f27b3e8a95f5a98a14dfb3,126.99,2017-01
64fbafb2935c7a2588d6a26a9d750487,638.64,2017-01
12845427d01e30997492ad688e9269e8,149.99,2017-01
48aac093ce4d05afcd577ef894f27dfe,48.9,2017-01
ca40481c9c607bad6c15ed1ddf354012,128.8,2017-01
c69e5a82eb301db90128811f6ef51125,239.9,2017-01
9ee03e957df37196acff32001e29894f,29.9,2017-01
d2cb4fa134053a20c0a53ce0542ca0b4,249.9,2017-01
4436c557fe163dd229c67f69a2b63dab,23.9,2017-01
f27f6f093a0769b96f8f80a445c9fba6,149.99,2017-01
2d63cee981bc69c503a9b6e25060f67c,36.85,2017-01
0c25f212bf983792b82adf65645918f4,139,2017-01
ba1fbfc4658a50a4f0f9971a1e3e08f6,64.9,2017-01
d0fa8c629348c626eb103877ba5e9a40,699,2017-01
58f814af5001d06b0d34d8a836ab18eb,859,2017-01
b598d6591ec1faa44e378483e526953b,34.9,2017-01
bce81bd5656dc95b94c97f0a05db1250,34.9,2017-01
d401b738861201747e01d84768cd876d,699.17,2017-01
a59fce8e4ef38a56245316ca247b9bc0,15.8,2017-01
c851f70413e20381390ddb28a135f676,559,2017-01
a78e22cba17a2973cf70d283b4119b5a,59.9,2017-01
334deb4a736eacb94c6305e4e8278d54,79.9,2017-01
59299ea0e75eec7b97507e1dc6ac13d1,10.99,2017-01
29607e7e09b983abf0027c079c05efb6,38.9,2017-01
d713e6aab2515415431d22053453e1ae,294.9,2017-01
45db875949ee3ef18fafdf817076165f,23.9,2017-01
d9a99b290182aff8db93595d904ab99c,166.4,2017-01
e2ebf2a8b112fe192cb13433227baf54,129.99,2017-01
06f118042228904ad8c1f2271e80a3e9,49,2017-01
bf27e53164b2385d9eecc0e04a566e3a,23.9,2017-01
fb51f201e03ae4c1660697b469f3333f,358.79999999999995,2017-01
dd9e24aaf192ccb06c02cc76f40accb4,199.8,2017-01
2cd2f63f783343de79fd5a430c8b6d43,137.99,2017-01
c83d504c46170342ddbc93c762e0e4ec,38.5,2017-01
71683fbf22478b08ea6f36050eb0994d,109.99,2017-01
1d2435aa3b858d45c707c9fc25e18779,114.80000000000001,2017-01
860052aea27ab400cbe474e6956013fc,449,2017-01
a5cd1e6a1af12f7edfba75c57fbff47f,380,2017-01
17238e33fee2b88c3ed8eb91b29c007a,70.83,2017-01
7f1a50bd72da35adfd13f3c367cc2eca,34.9,2017-01
2fb246d1ccf7be8743d4a385db89cbb9,349.99,2017-01
10b58cbd6607267fd41812614367439e,239.9,2017-01
a5915d92773335107130a2d1e0c5a91e,139.99,2017-01
80846d571262926feb13147a5965a9ba,34.9,2017-01
4f6e6ec3891fe96b3fbe50c587769eec,119.9,2017-01
86a2b7754f964102510d42ab30898f63,39.98,2017-01
d2f38262a9f66d15aa9fc2b60ea873d9,89.9,2017-01
f3e9410701ce24f2956a79c7475ab834,47.5,2017-01
5775e893a4aeb1c749e1c5afa731735d,128.9,2017-01
39aa89a6522cd9e2fdc69f5165bde5f5,23.9,2017-01
2e8eb06baae199a63d3a7b603efa771a,149,2017-01
c80bc315b52899a6cfc2af82c9200962,223.9,2017-01
2f8b722d3e62bb8a9860c7a29ad2b60f,209.9,2017-01
8dfb9fff0eac6a63f34ed7707068e988,30.97,2017-01
18bc87094128bbfe943cf88adcf72059,60,2017-01
e752cbd4b0fd0f52ceec3b4cf56cc34b,30,2017-01
07d3ac0b8a40ad4382c576f69f81fc75,36.75,2017-01
bd859b24955ed06b0605a79f60ef34f9,109.8,2017-01
fc545111108ebc9bf49eb27c828d25fd,10.9,2017-01
64529bfbbfe1ab1832b1bad404aa249e,45.9,2017-01
cd363e5f88337f6d8b9b7a8510dc1752,12.97,2017-01
2d9355ab664231a2eecd5dd9890934ec,48.9,2017-01
15bc17a24fe18da7be93a48546fcadab,119.96,2017-01
688711ace86b45baab9186b99028062b,36.9,2017-01
b8259702efd15b5abc1566e007ead9f7,29.8,2017-01
43b1465a233a9c1c822dbc043a864e2b,129.99,2017-01
fe810d4870b11964c5d0ae1817aaa97b,192,2017-01
c76762dfb642ac154475239639f7f8f4,150.20999999999998,2017-01
cfdb7df7f1d257ca5779f967d259cec9,349.9,2017-01
d6fdf70f71d5b82ae601638a446bd228,37.99,2017-01
2f0a45d60154020f24cd2d0758e71028,31.5,2017-01
e22c7e55a547f8d9bc30d2957ba1c9c5,139,2017-01
6e896394a8caa8730dfc4db1d8de3e10,238.9,2017-01
e3ea295349259fa59779c6a8e18e5bba,77.08,2017-01
e03dbdf5e56c96b106d8115ac336f47f,370,2017-01
c3669397ae7ad263e1f3b47d7f2c4ce9,442.95,2017-01
f188bcfdf0d853ae624280116fd6009e,113,2017-01
c6daf89e664438f63927784b6fd5c5c4,349.9,2017-01
0651d1d452e23d14caf7c7cf51f46071,379,2017-01
b8d76f06a0601ac8fe3fa52e6fe8742a,20.9,2017-01
c907cc6d05b62eb09d63c63462a7fa2d,23.26,2017-01
54ac170f384b3ca08d8ea2aa6389c483,238,2017-01
88d5a81aa8baf9e0ff6c8d888aa97a11,66.9,2017-01
0aca54eb7e0e261cb6d9781fecaf6e9a,23.9,2017-01
04120e49b42d9188cee40d96521d9893,66.99,2017-01
408aee96c75632a92e5079eee61da399,349.99,2017-01
7588c20c457369de8caad958afc1cc06,99.9,2017-01
f2c06c34d67bef23c659b5500d576cb1,97.99,2017-01
caea4a019afe0ea13b6092c93af7943f,129.99,2017-01
ee2bb06c1d3f368e92084edefb7e4b57,2999,2017-01
09f0d1b94bfc27a5efabc790ba056f46,39.9,2017-01
0dbb020311cab46ae601709149df24b5,169.9,2017-01
e1f24958eab121f153e4f405b6e9c843,229.9,2017-01
2e2c773725ab148e8405a5ae8b4f5162,295,2017-01
98c385e058b15aae533e5e2c6181ca9f,47,2017-01
b7da10f6d11e0b62cddf30186578200d,176.99,2017-01
9e51b7aa58099f4e2a91f93968c15377,129.99,2017-01
7465b59810cbcff4636277053dfd7bbb,34.9,2017-01
b4739233753be99a2078cb6588e97c56,46,2017-01
d32117be1f591cc163d8a6a996140e16,89.9,2017-01
648f4c0ea8f7710f2b99375dcb1707ca,192,2017-01
5d81012f5f20f3781512403410be3043,59.9,2017-01
74cce650b76111461f996421e71fc23e,339.74,2017-01
323f8f14acb90e50f86f1885b6b53c6d,243.79000000000002,2017-01
c2b845a86c16b519c0c1d9598576f276,42.99,2017-01
f7b981e8a280e455ac3cbe0d5d171bd1,10.9,2017-01
0edebfec2b1b8f0871e72dece89a484e,65.9,2017-01
62e69a7b8e3d109af287f367e3b0f143,318.44,2017-01
73252a53d6a47f20fa67b7a56f7771f5,139.99,2017-01
04b0c01cb1debde1573403fb50c5d915,35,2017-01
674d55cc522075b792f327e5878dd509,83.8,2017-01
580561d937f063a0c4ffe1e4832df2f5,20.9,2017-01
1037ee8f97dd4241edf738269f1c470d,59.9,2017-01
04544a89f79714c0abcc3ae49e884209,6.99,2017-01
d4017905e4548317a2065065c8cdfad0,49.99,2017-01
581718884f188057afa54a3da0349dd6,30.97,2017-01
b69dceda4140ec6092310b44df4c3962,19,2017-01
4c7c157b7ca1593ff4b83309db3a3255,184.99,2017-01
92b0705c6923fe44dd71b2b737687a7c,179.89,2017-01
6cceb051264e3bac0ac2a98182eba14f,467,2017-01
a664475b319be56b8b754e8bdad7615d,129.99,2017-01
147375750bdc81b55b75dc08daf84c8a,349.9,2017-01
4a1256ba59833d19d91b2139da81c1b1,119.5,2017-01
48d1dced151a0925eadb3614f732f220,379.9,2017-01
1f1ab863d273f133c7c9a9ba38f9b073,16.9,2017-01
4d5db20ccc7f8a5f045b475d9fc6d8ec,129,2017-01
0383aca4e461346b22c75ea54eb548f2,349.99,2017-01
d753459418d268407f19b64be28e3c5a,20.8,2017-01
bf4023e50a4a19e09b7200e861af76c6,166.4,2017-01
04e6136a14d4d23d0b5d79443b94225b,128,2017-01
de907ee6190d3fd70be7e607a3ddbbf7,38.89,2017-01
717018d40515ebcca772cad60799b58f,66.99,2017-01
b148eb59c3088eaa91342b43111fc174,113,2017-01
0fc4512b047ebec6da8414a427494244,595.99,2017-01
13c8cbdeb5bbee831faae66bcd11f9ae,798,2017-01
911a7d4fed122180dfff1453bf5a5094,38.9,2017-01
c5cf9357698d4fbca794731fe22b1606,29.4,2017-01
ed55471664939a48022e6319811608dc,299.95,2017-01
ed05a1bbf9f8816af23fcc68084bb87d,445.5,2017-01
e03a1bf47d42257f8e8e5e8775696622,109.2,2017-01
da9c90677b1963eca1cf8a14c338cf6e,10.9,2017-01
eb5bdaa9ace81785a5c3526bbd8d759b,225.98,2017-01
576d7fc1b6143c56e16f9190a52957d4,510,2017-01
8f09add4b8d8c9c4311d881d29b8d58c,117.3,2017-01
dcb44a6d9e33bca1bd008f7faaf3cd68,195.99,2017-01
347dc668e37fdec762bbc337aff5bb12,119.9,2017-01
1e0e8ead2f7835dc5b4da4fd2fb9af9e,119.99,2017-01
d4024fd404e29943c763f316e1383cb4,10.99,2017-01
bc56d92fe90f91143046c14582bdb974,30.97,2017-01
2ed6a3eda58c447a3d03d84baee994f7,129.9,2017-01
c9517b423493063fa4e805acf2cc4564,109.9,2017-01
bef334a9b4cecae4dc0916d62a91dbbf,219.99,2017-01
e99d46b5ce67a88cb8d7d5225edde938,99.9,2017-01
a7bbfaf8a288c45dc38d4693535dd63f,64.9,2017-01
d7a4ea17f19293f471d6dac189d74e66,45,2017-01
09afae2d61d41a7f90d30c3ce36c5f26,21.98,2017-01
44b95b41e1172e2926917fd5c4e77e62,53.8,2017-01
f171039a67a78b3d57475168802da70a,6.9,2017-01
5d2c057bbb50353737f8eb80d08e82f2,59.9,2017-01
44e2da016dfb42c8d28e6ee043a812a2,47,2017-01
70fc98f125c985e6582a3ef22a1a8bc2,28,2017-01
328eb9bf2f55abdcd28a7632138c5278,124.9,2017-01
c42ba47d1df4847a1fae69d1407c83d9,29.9,2017-01
0306e708bc20c7e3517227bbffbe5959,184.99,2017-01
9960a7aea9bd658ee554b4c580beb37f,39,2017-01
051bc94e9cd865806bba8eeefb336d0a,29.4,2017-01
fdf2ac320bf7064c82c5940346adadaf,22.79,2017-01
8a7271f54378994867420e5157f34500,37.99,2017-01
c0701622a849e0f0e05461f9c2c427f0,105,2017-01
e6765cc5f48f2c03a00dff340ea1dd93,24.9,2017-01
0cb6bcb4572e64a3394ede6448db0482,1169,2017-02
22dab429c0bfcf456d9a05f9e2b509ee,22,2017-02
ebed9569ef0c455303673ce658e6bc52,64.9,2017-02
c23315b264964939b72da1eadedacc3f,145,2017-02
0bcdf709d5d3462205328abe5387c5b8,38,2017-02
c11f08cbb03fbd09e75c46e8e0aa3350,104.99,2017-02
2d4bfb886158eba380575a4c92a7a01d,64.99,2017-02
17f5f0bf8f88906f32ce44c5f564cb49,39.99,2017-02
ddd57dba46e80a399319a60350ceb9f0,6,2017-02
a06f282cff6736dc56e658231c1262a8,650,2017-02
bb1dae75cd8532f1ecf962d0d6af7a2e,99.9,2017-02
a52f468d5bef435519fc17f29aee6ef0,59.9,2017-02
a7453e591e1526f8e10da58e78527dc4,34.9,2017-02
1393e1722e5bc511dbe4bbd0d655488d,59.9,2017-02
56d9f7e21e5646dbe8148f88453ea798,99,2017-02
3105d598604298481a38511105000bdd,34.9,2017-02
597684fc02296fb0a8980e31965ee6c9,279.98,2017-02
e5a9aad30b1ab64fcbcbfb64b0959b10,109.99,2017-02
